accuracy,loss,val_accuracy,val_loss
0.8406534790992737,0.4417606294155121,0.9132181406021118,0.23568785190582275
0.9389394521713257,0.17189045250415802,0.9325029850006104,0.18056100606918335
